Node,PageRank,Hub Score,Authority Score
Homology modeling,0.010971879194334126,-0.0,0.0848175662056458
energy minimization,0.010419136009129611,0.03963703949543299,0.03574090643305464
Molecular Docking,0.00929026965849359,-0.0,-1.3657351759117874e-17
protein structure prediction,0.009036937767107102,0.34171900225966423,-2.0655486234084464e-18
Molecular docking,0.0089365277531453,-0.0,0.012864083755222128
docking energy,0.008919663655072631,-1.4790438343220634e-18,0.0005303574902243704
force fields,0.008859057513041361,-0.0,0.008207098513249106
ligand docking,0.008842291167365438,8.190641683803066e-20,0.002872459279868022
molecular docking,0.008805265282616905,-0.0,0.002907550260644432
protein-ligand binding,0.008777045090223168,-0.0,0.000533781259321224
potential energy surface,0.008711489034044296,-0.0,0.006945440548745269
docking simulation,0.008669670904736033,-2.4992130142161643e-17,0.011873093787991678
homology modeling,0.008290331738776215,-4.622417687491341e-18,0.05556857240534172
Threading,0.008286807669508213,-0.0,0.055426575453804756
molecular dynamics,0.008084384087816728,0.012288787373249281,0.02461968625119445
Molecular docking software,0.007960445055259323,-0.0,2.735162664518e-20
binding energy,0.007954085273681999,-0.0,-4.940840435138114e-19
Protein-ligand interactions,0.007924483397334243,-0.0,2.6750491993637575e-20
Protein-Ligand Docking,0.007854322662220907,-0.0,-6.395191972754259e-18
ligand interactions,0.007844204667793427,-0.0,-4.607750068724309e-19
template-based modeling,0.007830540296257106,0.12142553700029284,-1.401498032465614e-18
Binding affinity,0.007816598423559003,-0.0,2.494708803901032e-20
receptor conformation,0.007807577799163903,-0.0,-4.4967199465863735e-19
polar interactions,0.007807577799163903,-0.0,-4.4967199465863735e-19
hydrophobic interactions,0.007789264364849141,-0.0,-4.441204885517406e-19
force field,0.007787611560793762,7.896623429073797e-18,0.02052200848860479
Sequence alignment,0.007775153505246815,-0.0,0.012464133919612807
Multiple sequence alignment,0.007775153505246815,-0.0,0.012464133919612807
Virtual screening,0.007762655936671383,-0.0,2.4045386061696697e-20
3D model building,0.007761282793885202,0.011726091369618991,-1.3370613413177694e-18
Virtual Screening,0.0077487962454931315,-0.0,-5.954144250495345e-18
Ligand Binding,0.0077487962454931315,-0.0,-5.954144250495345e-18
equations of motion,0.007740005616848199,-0.0,0.0016275013184193473
Active Site Prediction,0.007731208509371836,-0.0,-5.880636296785525e-18
simulation software,0.007722739568102101,-0.0,0.001607653741365453
parameter optimization,0.007709377047494026,-0.0,0.004656057217227951
alignment of sequences,0.007709339667106274,0.08298138731710684,-1.2887338229568864e-18
Model refinement,0.007707408657536507,-0.0,0.016669686230347716
binding affinity prediction,0.007703004570743112,-0.0,7.50169140819794e-05
Root Mean Square Deviation,0.0076909069339114,-0.0,-6.957806926124225e-18
Visualization tools,0.007679938635301479,-0.0,0.0015529790356291681
Scoring functions,0.007672751791858683,-0.0,2.2542549432840658e-20
protein-ligand interactions,0.007672019965100979,-0.0,7.333114073182255e-05
Protein-protein interactions,0.007659904935495419,-0.0,0.01175430305194188
Binding affinities,0.007659904935495419,-0.0,0.01175430305194188
Lennard-Jones,0.007654740644888915,-0.0,2.602348359374781e-18
Electrostatics,0.007654740644888915,-0.0,2.602348359374781e-18
Atomistic potential,0.007654740644888915,-0.0,2.602348359374781e-18
RMSD calculation,0.007651560335047729,-2.4673329568737894e-17,-7.580205502835424e-19
protein-protein interface,0.007650063237029259,-0.0,1.5200983183100423e-17
protein folding,0.007648263749303507,-0.0,2.9160178293935784e-18
protein-protein interaction,0.007644829548148317,-0.0,0.000485731767182755
Protein Conformation,0.0076415075129146574,-0.0,-6.706319928794434e-18
binding site,0.0076410353594588455,-0.0,7.164536738166571e-05
Van der Waals,0.007637898226848145,-0.0,2.5694072409016823e-18
Nonbonded interactions,0.007637898226848145,-0.0,2.5694072409016823e-18
integrator algorithms,0.007636409324371613,-0.0,0.0015084158560959807
protein-protein complexes,0.007636252053515081,-0.0,1.5042639608276458e-17
Protein structure,0.007630338061558798,-0.0,0.001496162729447613
Ligand design,0.007630338061558798,-0.0,0.001496162729447613
Macromolecular assembly,0.007630338061558798,-0.0,0.001496162729447613
protein-protein binding,0.007622440870000904,-0.0,1.4884296033452496e-17
secondary structure,0.007618509274480241,-0.0,2.8504893388454077e-18
force field optimization,0.007617083173609299,0.033521341511879764,-7.383317048216321e-19
protein docking analysis,0.007617083173609299,0.0032452380672003535,-7.383317048216321e-19
Binding pockets,0.007613845786673791,-0.0,0.011348982257047332
Structure alignment,0.007609769666628156,-0.0,0.015493002496440816
accuracy assessment,0.007605453413548418,-2.9168608435633905e-18,-1.1920787862351196e-18
protein binding,0.007604120782697092,0.0836525461502642,0.00044551666527016916
protein-protein interactions,0.007604120782697092,5.3847278642950866e-17,0.00044551666527016916
tertiary structure,0.007603632037068608,-0.0,2.8177250935713227e-18
enzyme-substrate interaction,0.00760080821719898,-0.0,0.0004695407082766632
ligand binding affinity,0.007599844592890084,0.0005218800814657083,-7.28487282090677e-19
molecular dynamics simulations,0.007596629233601224,-0.0,0.004277075815825676
genetic algorithm,0.007596629233601224,-0.0,0.004277075815825676
protein-protein docking,0.007594818502972549,-0.0,1.456760888380457e-17
Protein structure prediction,0.007593496501476763,-0.0,0.015296888540789666
quaternary structure,0.007588754799656976,-0.0,2.7849608482972373e-18
protein-protein analysis,0.00758100731945837,-0.0,1.4409265308980607e-17
amino acid sequence,0.007573877562245344,-0.0,2.7521966030231523e-18
ligand-receptor binding,0.007571460663232754,-0.0,0.00045874666900593523
Structural Alignment,0.007559175144586754,-0.0,-6.2871749332447835e-18
binding site interactions,0.007557810893797912,-0.0,7.677958078773734e-05
Monte Carlo simulation,0.007549872612958877,-0.0,0.0070329981207461435
steepest descent,0.0075483087419328816,-0.0,0.004114655215224701
molecular interaction,0.0075438887279663195,0.003341608225938356,0.0004245511751398083
binding free energy,0.007543792470228256,-0.0,7.590708555151305e-05
protein structure,0.007543486187849342,9.449934442690192e-18,0.009880607941611845
Receptor,0.007542055172431117,-0.0,2.9190619702653386e-18
Structural superposition,0.007541127072088972,-0.0,0.010453789739030096
Structural Changes,0.007526242197255591,-0.0,-6.119516935024921e-18
Binding Site,0.0075137327177157,-0.0,2.8511768081661443e-18
Comparative modeling,0.007509923547667925,-0.0,0.010185743848285734
steric clashes,0.007509757380095759,-0.0,-2.6776736271118927e-18
hydrogen bonding,0.007509757380095759,-0.0,-2.6776736271118927e-18
Pharmacophore,0.00749957149035799,-0.0,2.8172342271165474e-18
protein docking,0.007497238786033169,-0.0,0.0024481426075210434
docking algorithm,0.007497238786033169,-0.0,0.0024481426075210434
torsion angle,0.007495120741078136,-0.0,-2.644615928011746e-18
minimization,0.007495120741078136,-0.0,-2.644615928011746e-18
Brownian dynamics,0.007477773613353543,-0.0,0.006619292348937547
Docking,0.007471249035642575,-0.0,2.7493490650173542e-18
scoring function,0.007470620028427112,-0.0,6.237361395580309e-05
ligand binding,0.007454269365787306,-0.0,0.00915763662881098
Ramachandran plot,0.007451210824025261,-0.0,-2.5454428307113054e-18
Dissociation Constant,0.007428765353569448,-0.0,2.647521321868563e-18
docking score,0.007417626658101353,-0.0,6.805462842549446e-05
Kd value,0.007389589810962041,-0.0,6.630963795304588e-05
energy landscape,0.007371835029851014,-0.0,0.005505517246284929
geometry optimization,0.007335289259728357,-0.0,0.005313464319088942
optimization algorithms,0.007335289259728357,-0.0,0.005313464319088942
molecular mechanics,0.0072865615662314805,-0.0,0.005057393749494296
conformational search,0.0072865615662314805,-0.0,0.005057393749494296
conformer,0.0072743796428572614,-0.0,0.004993376107095633
atomistic model,0.007262197719483042,-0.0,0.004929358464696972
secondary structure prediction,0.007168500245654814,-0.0,0.05077564205774413
tertiary structure prediction,0.0071593229562419165,-0.0,0.05022373290494255
Protein structure refinement,0.0071501456668290175,-0.0,0.04967182375214099
Ab initio prediction,0.007113436509177425,-0.0,0.04746418714093472
ab initio modeling,0.007076727351525832,-0.0,0.04525655052972845
de novo modeling,0.007049195483287139,-0.0,0.043600823071323756
Fold recognition,0.00704001819387424,-0.0,0.04304891391852219
docking,0.006870321019523692,0.01629878748354511,0.016524057534169998
simulation,0.006870321019523692,0.051229852903826166,0.016524057534169998
conformation,0.006870321019523692,-8.170842025531942e-18,0.016524057534169998
ligand,0.006863741123139892,8.95191678375752e-18,0.01632497250363783
structure prediction,0.00685716122675609,0.07460558632962107,0.016125887473105664
protein,0.006844001433988488,-0.0,0.015727717412041327
binding affinity,0.006844001433988488,0.0005402124608469236,0.015727717412041327
molecular modelling,0.006324189619668186,0.12326510197004716,-0.0
